File Name | Line Number | Hyperlink (href)
index.html | 36 | MeetTheTeacher/Teachers/AMT/index.html
index.html | 37 | ClassCard/AMT/index.html
index.html | 38 | ClassroomView/AMT/index.html
index.html | 57 | MeetTheTeacher/Teachers/AEDT-1/index.html
index.html | 58 | ClassCard/AEDT-1/index.html
index.html | 59 | ClassroomView/AEDT-1/index.html
index.html | 78 | MeetTheTeacher/Teachers/ACT/index.html
index.html | 79 | ClassCard/ACT/index.html
index.html | 80 | ClassroomView/ACT/index.html
index.html | 99 | MeetTheTeacher/Teachers/AST-1/index.html
index.html | 100 | ClassCard/AST-1/index.html
index.html | 101 | ClassroomView/AST-1/index.html
index.html | 120 | MeetTheTeacher/Teachers/BCT-1/index.html
index.html | 121 | ClassCard/BCT-1/index.html
index.html | 122 | ClassroomView/BCT-1/index.html
index.html | 141 | MeetTheTeacher/Teachers/CS/index.html
index.html | 142 | ClassCard/CS/index.html
index.html | 143 | ClassroomView/CS/index.html
index.html | 162 | MeetTheTeacher/Teachers/CJPS/index.html
index.html | 163 | ClassCard/CJPS/index.html
index.html | 164 | ClassroomView/CJPS/index.html
index.html | 183 | MeetTheTeacher/Teachers/CA/index.html
index.html | 184 | ClassCard/CA/index.html
index.html | 185 | ClassroomView/CA/index.html
index.html | 204 | MeetTheTeacher/Teachers/SEC/index.html
index.html | 205 | ClassCard/SEC/index.html
index.html | 206 | ClassroomView/SEC/index.html
index.html | 225 | MeetTheTeacher/Teachers/DST/index.html
index.html | 226 | ClassCard/DST/index.html
index.html | 227 | ClassroomView/DST/index.html
index.html | 246 | MeetTheTeacher/Teachers/ET/index.html
index.html | 247 | ClassCard/ET/index.html
index.html | 248 | ClassroomView/ET/index.html
index.html | 267 | MeetTheTeacher/Teachers/GCDM/index.html
index.html | 268 | ClassCard/GCDM/index.html
index.html | 269 | ClassroomView/GCDM/index.html
index.html | 288 | MeetTheTeacher/Teachers/HSES/index.html
index.html | 289 | ClassCard/HSES/index.html
index.html | 290 | ClassroomView/HSES/index.html
index.html | 309 | MeetTheTeacher/Teachers/HSPP-1/index.html
index.html | 310 | ClassCard/HSPP-1/index.html
index.html | 311 | ClassroomView/HSPP-1/index.html
index.html | 330 | MeetTheTeacher/Teachers/HVAC/index.html
index.html | 331 | ClassCard/HVAC/index.html
index.html | 332 | ClassroomView/HVAC/index.html
index.html | 351 | MeetTheTeacher/Teachers/MCB/index.html
index.html | 352 | ClassCard/MCB/index.html
index.html | 353 | ClassroomView/MCB/index.html
index.html | 372 | MeetTheTeacher/Teachers/PMT/index.html
index.html | 373 | ClassCard/PMT/index.html
index.html | 374 | ClassroomView/PMT/index.html
index.html | 393 | MeetTheTeacher/Teachers/VS/index.html
index.html | 394 | ClassCard/VS/index.html
index.html | 395 | ClassroomView/VS/index.html
index.html | 414 | MeetTheTeacher/Teachers/WT/index.html
index.html | 415 | ClassCard/WT/index.html
index.html | 416 | ClassroomView/WT/index.html
index.html | 429 | https://g.co/kgs/qucSe8N
